{"stats":{"minecraft:picked_up":{"duneons:grandpiano":1,"minecraft:suspicious_stew":1,"minecraft:flint":57,"exposure:aged_photograph":1,"ae2:silicon_press":1,"create:raw_zinc":26,"minecraft:oak_log":46,"duneons:purplevangardpotion":1,"lcrdrfs:creeper_plasma":3,"minecraft:gunpowder":3,"ae2:damaged_budding_quartz":2,"duneons:golemruin":1,"minecraft:string":11,"minecraft:paper":1,"duneons:standfortorch":3,"duneons:wagonblock":2,"minecraft:bone":17,"exposure:lightroom":1,"duneons:crumsoncoresword":1,"minecraft:cobbled_deepslate":1206,"minecraft:raw_gold":15,"ae2:logic_processor_press":1,"exposure:color_film":1,"lightmanscurrency:coin_iron":40,"minecraft:sugar_cane":6,"ae2:flawed_budding_quartz":2,"duneons:sinker":1,"duneons:red_stone_golem_skull":1,"exposure:photograph_frame":1,"minecraft:stick":4,"minecraft:raw_iron":72,"minecraft:sandstone":2,"alltheores:raw_zinc":115,"minecraft:torch":8,"thermal:raw_lead":13,"evilcraft:dark_gem_crushed":11,"minecraft:sand":130,"duneons:magicwand":1,"minecraft:spider_eye":10,"minecraft:redstone":300,"lcrdrfs:robo_dino_part":3,"mekanism:raw_osmium":17,"ae2:quartz_block":3,"duneons:skeletonspear":1,"duneons:firepumkin":1,"ae2:sky_stone_block":967,"lightmanscurrency:coin_copper":84,"minecraft:arrow":19,"minecraft:slime_ball":3,"minecraft:rotten_flesh":12,"minecraft:diamond":40,"ae2:chipped_budding_quartz":2,"ae2:certus_quartz_dust":5,"evilcraft:dark_gem":25,"duneons:soul_scythe":1,"duneons:vines_chestplate":1,"ae2:engineering_processor_press":1,"ae2:calculation_processor_press":1,"duneons:goldmace":1,"alltheores:raw_osmium":110,"supplementaries:ash":1,"duneons:miniredstonegolem":1,"minecraft:oak_sapling":10,"minecraft:coal":107,"minecraft:cobblestone":345},"minecraft:custom":{"minecraft:interact_with_furnace":4,"lootr:looted_stat":9,"minecraft:interact_with_anvil":2,"minecraft:mob_kills":36,"exposure:interact_with_lightroom":4,"minecraft:bell_ring":4,"minecraft:leave_game":2,"minecraft:time_since_death":97037,"minecraft:climb_one_cm":406,"minecraft:time_since_rest":97037,"minecraft:waystone_activated":1,"minecraft:sprint_one_cm":151146,"minecraft:damage_taken":721,"minecraft:walk_one_cm":161636,"minecraft:drop":25,"minecraft:damage_dealt":9590,"minecraft:swim_one_cm":16268,"minecraft:talked_to_villager":2,"minecraft:fly_one_cm":136353,"minecraft:open_chest":1,"minecraft:crouch_one_cm":17168,"minecraft:play_time":97037,"minecraft:sneak_time":23740,"minecraft:walk_under_water_one_cm":10177,"minecraft:jump":743,"minecraft:walk_on_water_one_cm":12155,"minecraft:total_world_time":97037,"minecraft:fall_one_cm":540},"minecraft:killed":{"duneons:keygolem":1,"minecraft:husk":1,"animalistic_a:pato":1,"duneons:mobspawner":1,"minecraft:spider":5,"duneons:wraith":2,"minecraft:slime":1,"minecraft:creeper":2,"minecraft:skeleton":6,"minecraft:zombie":7,"duneons:redstonegolem":1,"lcrdrfs:robo_dino":3,"lcrdrfs:laser_creeper":2,"duneons:vangruardskeleton":1},"minecraft:used":{"useless_sword:wither_sword":85,"exposure:camera":1,"minecraft:water_bucket":11,"duneons:standfortorch":1,"minecraft:sandstone":1,"animalistic_a:pato_spawn_egg":1,"minecraft:torch":17,"minecraft:sand":1,"minecraft:anvil":1,"duneons:mountaineeraxe_1":2,"allthemodium:alloy_sword":1,"create_sa:experience_pickaxe":4,"duneons:firepumkin":1,"minecraft:bread":15,"tmg:ancient_pickaxe_charging":4030,"ae2:sky_stone_block":3,"exposure:lightroom":1,"exposure:photograph_frame":1,"minecraft:bucket":11,"farmersdelight:squid_ink_pasta":3},"minecraft:dropped":{"minecraft:cobbled_deepslate":429,"minecraft:bowl":2,"ae2:sky_stone_block":4,"minecraft:cobblestone":121,"minecraft:rotten_flesh":6,"exposure:color_film":1,"minecraft:suspicious_stew":1,"minecraft:sandstone":1,"minecraft:sand":1,"duneons:skeletonspear":1},"minecraft:mined":{"create:zinc_ore":11,"ae2:chipped_budding_quartz":2,"minecraft:deepslate_redstone_ore":41,"mekanism:osmium_ore":8,"alltheores:zinc_ore":54,"duneons:ruingolem_2":1,"minecraft:deepslate_diamond_ore":18,"alltheores:osmium_ore":52,"thermal:lead_ore":5,"minecraft:torch":1,"exposure:lightroom":1,"minecraft:deepslate_gold_ore":7,"minecraft:sugar_cane":2,"minecraft:sandstone":1,"minecraft:wall_torch":1,"supplementaries:urn":2,"duneons:grandpiano":1,"minecraft:redstone_ore":6,"ae2:flawless_budding_quartz":2,"ae2:medium_quartz_bud":2,"minecraft:iron_ore":27,"ae2:damaged_budding_quartz":1,"minecraft:stone_brick_stairs":1,"evilcraft:dark_ore":5,"ae2:mysterious_cube":1,"duneons:standfortorch":3,"ae2:flawed_budding_quartz":2,"duneons:firepumkin":1,"minecraft:deepslate_iron_ore":6,"ae2:quartz_block":2,"minecraft:oak_log":46,"minecraft:coal_ore":50,"ae2:small_quartz_bud":3,"minecraft:gravel":58,"minecraft:sand":129,"duneons:sinker":1,"ae2:sky_stone_block":968,"minecraft:stone":349,"minecraft:deepslate":2173},"minecraft:crafted":{"minecraft:torch":16}},"DataVersion":3465}