{"stats":{"minecraft:mined":{"ae2:chipped_budding_quartz":2,"ae2:flawless_budding_quartz":2,"ae2:medium_quartz_bud":2,"ae2:damaged_budding_quartz":1,"ae2:mysterious_cube":1,"ae2:flawed_budding_quartz":2,"ae2:quartz_block":2,"ae2:small_quartz_bud":3,"minecraft:coal_ore":3,"exposure:lightroom":1,"ae2:sky_stone_block":968,"minecraft:stone":22,"minecraft:sugar_cane":2},"minecraft:used":{"useless_sword:wither_sword":12,"create_sa:experience_pickaxe":4,"exposure:camera":1,"tmg:ancient_pickaxe_charging":1003,"minecraft:bread":4,"ae2:sky_stone_block":3,"exposure:lightroom":1,"animalistic_a:pato_spawn_egg":1,"exposure:photograph_frame":1,"minecraft:anvil":1,"duneons:mountaineeraxe_1":2,"allthemodium:alloy_sword":1,"farmersdelight:squid_ink_pasta":1},"minecraft:custom":{"minecraft:time_since_rest":40959,"minecraft:waystone_activated":1,"lootr:looted_stat":9,"minecraft:sprint_one_cm":102446,"minecraft:damage_taken":46,"minecraft:walk_one_cm":49033,"minecraft:interact_with_anvil":2,"minecraft:mob_kills":7,"minecraft:drop":7,"minecraft:damage_dealt":1540,"exposure:interact_with_lightroom":4,"minecraft:swim_one_cm":13615,"minecraft:talked_to_villager":2,"minecraft:fly_one_cm":96974,"minecraft:crouch_one_cm":2597,"minecraft:play_time":40959,"minecraft:sneak_time":5347,"minecraft:bell_ring":4,"minecraft:walk_under_water_one_cm":1507,"minecraft:jump":388,"minecraft:walk_on_water_one_cm":7347,"minecraft:time_since_death":40959,"minecraft:total_world_time":40959,"minecraft:climb_one_cm":406},"minecraft:killed":{"minecraft:skeleton":2,"minecraft:zombie":2,"animalistic_a:pato":1,"minecraft:spider":1,"minecraft:creeper":1},"minecraft:dropped":{"minecraft:bowl":1,"ae2:sky_stone_block":4,"minecraft:rotten_flesh":1,"exposure:color_film":1},"minecraft:picked_up":{"exposure:photograph_frame":1,"ae2:silicon_press":1,"exposure:aged_photograph":1,"ae2:damaged_budding_quartz":2,"ae2:quartz_block":3,"minecraft:spider_eye":2,"minecraft:string":3,"minecraft:paper":1,"ae2:sky_stone_block":967,"minecraft:bone":6,"lightmanscurrency:coin_copper":22,"minecraft:arrow":6,"exposure:lightroom":1,"minecraft:rotten_flesh":1,"ae2:chipped_budding_quartz":2,"ae2:certus_quartz_dust":5,"ae2:logic_processor_press":1,"ae2:calculation_processor_press":1,"ae2:engineering_processor_press":1,"exposure:color_film":1,"lightmanscurrency:coin_iron":6,"minecraft:sugar_cane":6,"ae2:flawed_budding_quartz":2,"minecraft:coal":6,"minecraft:cobblestone":22}},"DataVersion":3465}