{"stats":{"minecraft:mined":{"minecraft:stone":22},"minecraft:used":{"create_sa:experience_pickaxe":4,"exposure:photograph_frame":1,"minecraft:anvil":1,"duneons:mountaineeraxe_1":2,"allthemodium:alloy_sword":1,"tmg:ancient_pickaxe_charging":16,"exposure:lightroom":1,"farmersdelight:squid_ink_pasta":1,"animalistic_a:pato_spawn_egg":1},"minecraft:custom":{"minecraft:time_since_rest":28745,"minecraft:waystone_activated":1,"minecraft:crouch_one_cm":2574,"lootr:looted_stat":9,"minecraft:play_time":28745,"minecraft:sprint_one_cm":48671,"minecraft:damage_taken":10,"minecraft:walk_one_cm":30712,"minecraft:bell_ring":4,"minecraft:sneak_time":5263,"minecraft:mob_kills":1,"minecraft:interact_with_anvil":2,"minecraft:drop":2,"minecraft:jump":187,"minecraft:damage_dealt":300,"exposure:interact_with_lightroom":1,"minecraft:time_since_death":28745,"minecraft:climb_one_cm":406,"minecraft:total_world_time":28745,"minecraft:talked_to_villager":2,"minecraft:fly_one_cm":51426},"minecraft:killed":{"animalistic_a:pato":1},"minecraft:dropped":{"minecraft:rotten_flesh":1,"minecraft:bowl":1},"minecraft:picked_up":{"exposure:photograph_frame":1,"minecraft:rotten_flesh":1,"exposure:aged_photograph":1,"minecraft:cobblestone":22}},"DataVersion":3465}