{"stats":{"minecraft:mined":{"minecraft:stone":12},"minecraft:used":{"create_sa:experience_pickaxe":4,"minecraft:anvil":1,"duneons:mountaineeraxe_1":2,"animalistic_a:pato_spawn_egg":1,"tmg:ancient_pickaxe_charging":6,"allthemodium:alloy_sword":1},"minecraft:custom":{"minecraft:jump":51,"minecraft:time_since_rest":16745,"minecraft:damage_dealt":300,"minecraft:crouch_one_cm":2574,"minecraft:sprint_one_cm":13902,"minecraft:play_time":16745,"minecraft:time_since_death":16745,"minecraft:walk_one_cm":4731,"minecraft:sneak_time":5263,"minecraft:total_world_time":16745,"minecraft:interact_with_anvil":1,"minecraft:mob_kills":1,"minecraft:fly_one_cm":14950},"minecraft:killed":{"animalistic_a:pato":1},"minecraft:picked_up":{"minecraft:cobblestone":12}},"DataVersion":3465}