{"stats":{"minecraft:killed":{"duneons:keygolem":1,"animalistic_a:pato":1,"minecraft:spider":1,"minecraft:slime":1,"minecraft:creeper":2,"minecraft:skeleton":4,"minecraft:zombie":2,"lcrdrfs:robo_dino":3,"lcrdrfs:laser_creeper":2,"duneons:vangruardskeleton":1},"minecraft:used":{"useless_sword:wither_sword":47,"exposure:camera":1,"minecraft:water_bucket":10,"minecraft:sandstone":1,"animalistic_a:pato_spawn_egg":1,"minecraft:torch":4,"minecraft:sand":1,"minecraft:anvil":1,"duneons:mountaineeraxe_1":2,"allthemodium:alloy_sword":1,"create_sa:experience_pickaxe":4,"tmg:ancient_pickaxe_charging":1664,"minecraft:bread":13,"ae2:sky_stone_block":3,"exposure:lightroom":1,"exposure:photograph_frame":1,"minecraft:bucket":10,"farmersdelight:squid_ink_pasta":1},"minecraft:dropped":{"minecraft:bowl":1,"ae2:sky_stone_block":4,"minecraft:rotten_flesh":1,"exposure:color_film":1,"minecraft:sandstone":1,"minecraft:sand":1},"minecraft:picked_up":{"minecraft:flint":57,"exposure:aged_photograph":1,"ae2:silicon_press":1,"create:raw_zinc":26,"minecraft:oak_log":46,"lcrdrfs:creeper_plasma":3,"minecraft:gunpowder":3,"ae2:damaged_budding_quartz":2,"duneons:golemruin":1,"minecraft:string":3,"minecraft:paper":1,"minecraft:bone":13,"exposure:lightroom":1,"ae2:logic_processor_press":1,"exposure:color_film":1,"lightmanscurrency:coin_iron":9,"minecraft:sugar_cane":6,"ae2:flawed_budding_quartz":2,"minecraft:raw_iron":38,"exposure:photograph_frame":1,"minecraft:stick":4,"minecraft:sandstone":2,"alltheores:raw_zinc":115,"minecraft:torch":4,"thermal:raw_lead":13,"evilcraft:dark_gem_crushed":11,"minecraft:sand":130,"mekanism:raw_osmium":17,"duneons:skeletonspear":1,"minecraft:redstone":3,"lcrdrfs:robo_dino_part":3,"ae2:quartz_block":3,"minecraft:spider_eye":2,"ae2:sky_stone_block":967,"lightmanscurrency:coin_copper":37,"minecraft:arrow":14,"minecraft:slime_ball":3,"minecraft:rotten_flesh":1,"ae2:chipped_budding_quartz":2,"ae2:certus_quartz_dust":5,"evilcraft:dark_gem":25,"ae2:calculation_processor_press":1,"ae2:engineering_processor_press":1,"supplementaries:ash":1,"minecraft:oak_sapling":10,"minecraft:coal":107,"minecraft:cobblestone":290},"minecraft:crafted":{"minecraft:torch":16},"minecraft:mined":{"create:zinc_ore":11,"ae2:chipped_budding_quartz":2,"mekanism:osmium_ore":8,"alltheores:zinc_ore":54,"duneons:ruingolem_2":1,"thermal:lead_ore":5,"exposure:lightroom":1,"minecraft:sugar_cane":2,"minecraft:sandstone":1,"supplementaries:urn":2,"ae2:flawless_budding_quartz":2,"ae2:medium_quartz_bud":2,"minecraft:iron_ore":19,"ae2:damaged_budding_quartz":1,"evilcraft:dark_ore":5,"ae2:mysterious_cube":1,"ae2:flawed_budding_quartz":2,"ae2:quartz_block":2,"minecraft:coal_ore":50,"minecraft:oak_log":46,"ae2:small_quartz_bud":3,"minecraft:gravel":58,"minecraft:sand":129,"minecraft:stone":297,"ae2:sky_stone_block":968},"minecraft:custom":{"lootr:looted_stat":9,"minecraft:interact_with_anvil":2,"minecraft:mob_kills":20,"exposure:interact_with_lightroom":4,"minecraft:bell_ring":4,"minecraft:leave_game":1,"minecraft:time_since_death":70188,"minecraft:climb_one_cm":406,"minecraft:time_since_rest":70188,"minecraft:waystone_activated":1,"minecraft:sprint_one_cm":134835,"minecraft:damage_taken":349,"minecraft:walk_one_cm":104915,"minecraft:drop":9,"minecraft:damage_dealt":5599,"minecraft:swim_one_cm":13615,"minecraft:talked_to_villager":2,"minecraft:fly_one_cm":128349,"minecraft:open_chest":1,"minecraft:crouch_one_cm":8644,"minecraft:play_time":70188,"minecraft:sneak_time":19627,"minecraft:walk_under_water_one_cm":1507,"minecraft:jump":607,"minecraft:walk_on_water_one_cm":8794,"minecraft:total_world_time":70188,"minecraft:fall_one_cm":271}},"DataVersion":3465}