{"stats":{"minecraft:picked_up":{"regions_unexplored:silver_birch_sapling":5,"minecraft:stick":4,"swem:timothy_seeds":11,"regions_unexplored:silver_birch_leaf_pile":4,"minecraft:wheat_seeds":20,"regions_unexplored:silver_birch_log":31,"minecraft:red_tulip":19,"swem:alfalfa_seeds":16,"minecraft:spruce_sapling":3,"minecraft:poppy":4,"swem:oat_seeds":13,"minecraft:birch_sapling":4,"minecraft:sunflower":142,"regions_unexplored:orange_coneflower":7},"minecraft:custom":{"minecraft:time_since_rest":16271,"minecraft:crouch_one_cm":562,"minecraft:play_time":16271,"minecraft:sprint_one_cm":32245,"minecraft:open_enderchest":1,"minecraft:walk_one_cm":11683,"minecraft:sneak_time":1413,"minecraft:walk_under_water_one_cm":181,"minecraft:drop":1,"minecraft:jump":180,"minecraft:leave_game":1,"minecraft:time_since_death":16271,"minecraft:walk_on_water_one_cm":433,"minecraft:total_world_time":16271,"minecraft:swim_one_cm":3673,"minecraft:fly_one_cm":155161},"minecraft:used":{"botania:elementium_axe":72,"farmersdelight:noodle_soup":1},"minecraft:dropped":{"minecraft:bowl":1},"minecraft:mined":{"minecraft:grass":1,"regions_unexplored:silver_birch_log":65}},"DataVersion":3465}