{"stats":{"minecraft:custom":{"minecraft:jump":174,"minecraft:time_since_rest":12729,"minecraft:crouch_one_cm":444,"minecraft:sprint_one_cm":32161,"minecraft:play_time":12729,"minecraft:walk_on_water_one_cm":433,"minecraft:time_since_death":12729,"minecraft:walk_one_cm":5210,"minecraft:sneak_time":1366,"minecraft:total_world_time":12729,"minecraft:walk_under_water_one_cm":181,"minecraft:swim_one_cm":3673,"minecraft:drop":1,"minecraft:fly_one_cm":102787},"minecraft:used":{"farmersdelight:noodle_soup":1},"minecraft:dropped":{"minecraft:bowl":1}},"DataVersion":3465}