{"stats":{"minecraft:used":{"regions_unexplored:silver_birch_log":1,"botania:elementium_axe":72,"farmersdelight:noodle_soup":1},"minecraft:custom":{"minecraft:time_since_rest":19717,"minecraft:crouch_one_cm":2741,"minecraft:play_time":19717,"minecraft:sprint_one_cm":32349,"minecraft:open_enderchest":1,"minecraft:walk_one_cm":12765,"minecraft:sneak_time":1818,"minecraft:walk_under_water_one_cm":181,"minecraft:drop":1,"minecraft:jump":187,"minecraft:leave_game":1,"minecraft:time_since_death":19717,"minecraft:walk_on_water_one_cm":433,"minecraft:total_world_time":19717,"minecraft:swim_one_cm":3673,"minecraft:fly_one_cm":176701},"minecraft:picked_up":{"regions_unexplored:silver_birch_sapling":6,"minecraft:stick":9,"swem:timothy_seeds":14,"regions_unexplored:silver_birch_leaf_pile":5,"minecraft:wheat_seeds":22,"regions_unexplored:silver_birch_log":31,"swem:alfalfa_seeds":20,"minecraft:red_tulip":21,"minecraft:spruce_sapling":3,"minecraft:poppy":5,"swem:oat_seeds":16,"minecraft:birch_sapling":6,"regions_unexplored:orange_coneflower":31,"minecraft:sunflower":166},"minecraft:dropped":{"minecraft:bowl":1},"minecraft:mined":{"minecraft:grass":1,"regions_unexplored:silver_birch_log":65}},"DataVersion":3465}