{"stats":{"minecraft:used":{"minecraft:moss_block":227,"thingamajigs:crossing_ahead_sign":1,"minecraft:diorite":2,"minecraft:lever":13,"regions_unexplored:silver_birch_log":13,"animalistic_a:pandarojom_spawn_egg":1,"automobility:auto_mechanic_table":1,"minecraft:lantern":1,"minecraft:stone_button":2,"minecraft:green_wool":10,"gamingchairs2:cajasillacerdito":1,"botania:elementium_axe":72,"regions_unexplored:silt_grass_block":484,"gamingchairs2:gamerzone":1,"minecraft:dark_oak_slab":1,"farmersdelight:noodle_soup":1,"animalistic_a:pato_spawn_egg":1,"minecraft:beacon":1,"minecraft:mud_bricks":19,"animalistic_a:tiburon_spawn_egg":1,"gamingchairs2:trespantallasblanca":1,"minecraft:red_carpet":19,"torchmaster:feral_flare_lantern":23,"allthemodium:alloy_sword":3,"animalistic_a:mesainvo":1,"minecraft:yellow_stained_glass_pane":2,"minecraft:chain":1,"minecraft:dark_oak_fence_gate":1,"torchmaster:megatorch":1,"gamingchairs2:lamparaazulmesa":1,"automobility:automobile_assembler":1,"animalistic_a:lechuza_spawn_egg":1},"minecraft:custom":{"minecraft:time_since_rest":67717,"minecraft:sprint_one_cm":50573,"minecraft:open_enderchest":1,"minecraft:walk_one_cm":82075,"minecraft:mob_kills":4,"minecraft:interact_with_anvil":6,"minecraft:drop":1,"minecraft:inspect_hopper":1,"minecraft:damage_dealt":920,"minecraft:swim_one_cm":7647,"minecraft:fly_one_cm":362317,"minecraft:open_chest":1,"minecraft:crouch_one_cm":3590,"minecraft:play_time":67717,"minecraft:sneak_time":2606,"minecraft:walk_under_water_one_cm":2976,"minecraft:jump":289,"minecraft:leave_game":1,"minecraft:walk_on_water_one_cm":3962,"minecraft:time_since_death":67717,"minecraft:total_world_time":67717},"minecraft:killed":{"animalistic_a:pandarojom":1,"animalistic_a:tiburon":1,"gamingchairs2:sillacerdito":1,"animalistic_a:lechuza":1},"minecraft:picked_up":{"regions_unexplored:silver_birch_sapling":15,"swem:timothy_seeds":22,"minecraft:stick":25,"regions_unexplored:silver_birch_leaf_pile":57,"minecraft:spruce_sapling":7,"minecraft:moss_carpet":3,"minecraft:wheat_seeds":42,"regions_unexplored:silver_birch_log":31,"minecraft:red_tulip":21,"swem:alfalfa_seeds":35,"minecraft:poppy":8,"swem:oat_seeds":22,"minecraft:birch_sapling":10,"minecraft:sunflower":217,"regions_unexplored:orange_coneflower":73},"minecraft:mined":{"minecraft:grass":1,"regions_unexplored:silver_birch_log":65},"minecraft:dropped":{"minecraft:bowl":1}},"DataVersion":3465}