{"stats":{"minecraft:used":{"minecraft:moss_block":201,"regions_unexplored:silver_birch_log":4,"minecraft:red_carpet":3,"torchmaster:feral_flare_lantern":3,"regions_unexplored:silt_grass_block":374,"botania:elementium_axe":72,"torchmaster:megatorch":1,"farmersdelight:noodle_soup":1,"minecraft:mud_bricks":18},"minecraft:custom":{"minecraft:time_since_rest":31717,"minecraft:crouch_one_cm":2776,"minecraft:play_time":31717,"minecraft:sprint_one_cm":36811,"minecraft:open_enderchest":1,"minecraft:walk_one_cm":30319,"minecraft:sneak_time":2045,"minecraft:walk_under_water_one_cm":181,"minecraft:interact_with_anvil":2,"minecraft:drop":1,"minecraft:jump":216,"minecraft:leave_game":1,"minecraft:time_since_death":31717,"minecraft:walk_on_water_one_cm":1608,"minecraft:total_world_time":31717,"minecraft:swim_one_cm":3673,"minecraft:fly_one_cm":256009},"minecraft:picked_up":{"regions_unexplored:silver_birch_sapling":15,"minecraft:stick":25,"swem:timothy_seeds":20,"regions_unexplored:silver_birch_leaf_pile":35,"minecraft:wheat_seeds":35,"regions_unexplored:silver_birch_log":31,"swem:alfalfa_seeds":32,"minecraft:red_tulip":21,"minecraft:spruce_sapling":6,"minecraft:poppy":7,"swem:oat_seeds":20,"minecraft:birch_sapling":10,"regions_unexplored:orange_coneflower":44,"minecraft:sunflower":217},"minecraft:dropped":{"minecraft:bowl":1},"minecraft:mined":{"minecraft:grass":1,"regions_unexplored:silver_birch_log":65}},"DataVersion":3465}