{"stats":{"minecraft:used":{"minecraft:moss_block":227,"minecraft:diorite":2,"minecraft:lever":13,"regions_unexplored:silver_birch_log":13,"minecraft:lantern":1,"minecraft:stone_button":2,"minecraft:green_wool":10,"botania:elementium_axe":72,"regions_unexplored:silt_grass_block":484,"minecraft:dark_oak_slab":1,"farmersdelight:noodle_soup":1,"minecraft:beacon":1,"minecraft:mud_bricks":19,"minecraft:red_carpet":19,"torchmaster:feral_flare_lantern":23,"minecraft:yellow_stained_glass_pane":2,"minecraft:chain":1,"minecraft:dark_oak_fence_gate":1,"torchmaster:megatorch":1,"gamingchairs2:lamparaazulmesa":1},"minecraft:custom":{"minecraft:time_since_rest":55717,"minecraft:sprint_one_cm":48742,"minecraft:open_enderchest":1,"minecraft:walk_one_cm":72418,"minecraft:interact_with_anvil":6,"minecraft:drop":1,"minecraft:inspect_hopper":1,"minecraft:swim_one_cm":7647,"minecraft:fly_one_cm":360860,"minecraft:open_chest":1,"minecraft:crouch_one_cm":3572,"minecraft:play_time":55717,"minecraft:sneak_time":2602,"minecraft:walk_under_water_one_cm":2976,"minecraft:jump":286,"minecraft:leave_game":1,"minecraft:walk_on_water_one_cm":3962,"minecraft:time_since_death":55717,"minecraft:total_world_time":55717},"minecraft:picked_up":{"regions_unexplored:silver_birch_sapling":15,"swem:timothy_seeds":22,"minecraft:stick":25,"regions_unexplored:silver_birch_leaf_pile":57,"minecraft:spruce_sapling":7,"minecraft:moss_carpet":3,"minecraft:wheat_seeds":42,"regions_unexplored:silver_birch_log":31,"minecraft:red_tulip":21,"swem:alfalfa_seeds":35,"minecraft:poppy":8,"swem:oat_seeds":22,"minecraft:birch_sapling":10,"minecraft:sunflower":217,"regions_unexplored:orange_coneflower":73},"minecraft:mined":{"minecraft:grass":1,"regions_unexplored:silver_birch_log":65},"minecraft:dropped":{"minecraft:bowl":1}},"DataVersion":3465}