{"stats":{"minecraft:used":{"minecraft:moss_block":227,"regions_unexplored:silver_birch_log":13,"minecraft:lantern":1,"minecraft:green_wool":8,"botania:elementium_axe":72,"regions_unexplored:silt_grass_block":483,"farmersdelight:noodle_soup":1,"minecraft:mud_bricks":19,"minecraft:red_carpet":3,"torchmaster:feral_flare_lantern":15,"minecraft:chain":1,"minecraft:dark_oak_fence_gate":1,"torchmaster:megatorch":1,"gamingchairs2:lamparaazulmesa":1},"minecraft:custom":{"minecraft:time_since_rest":43717,"minecraft:sprint_one_cm":46817,"minecraft:open_enderchest":1,"minecraft:walk_one_cm":63978,"minecraft:interact_with_anvil":2,"minecraft:drop":1,"minecraft:swim_one_cm":3673,"minecraft:fly_one_cm":297352,"minecraft:crouch_one_cm":3332,"minecraft:play_time":43717,"minecraft:sneak_time":2283,"minecraft:walk_under_water_one_cm":181,"minecraft:jump":274,"minecraft:leave_game":1,"minecraft:walk_on_water_one_cm":1608,"minecraft:time_since_death":43717,"minecraft:total_world_time":43717},"minecraft:picked_up":{"regions_unexplored:silver_birch_sapling":15,"swem:timothy_seeds":22,"minecraft:stick":25,"regions_unexplored:silver_birch_leaf_pile":57,"minecraft:spruce_sapling":7,"minecraft:moss_carpet":3,"minecraft:wheat_seeds":42,"regions_unexplored:silver_birch_log":31,"minecraft:red_tulip":21,"swem:alfalfa_seeds":35,"minecraft:poppy":8,"swem:oat_seeds":22,"minecraft:birch_sapling":10,"minecraft:sunflower":217,"regions_unexplored:orange_coneflower":73},"minecraft:mined":{"minecraft:grass":1,"regions_unexplored:silver_birch_log":65},"minecraft:dropped":{"minecraft:bowl":1}},"DataVersion":3465}