{
  "mekanism:root": {
    "criteria": {
      "automatic": "2024-09-08 15:11:56 +0000"
    },
    "done": true
  },
  "storagedrawers:recipes/storagedrawers/one_stack_upgrade": {
    "criteria": {
      "has_template": "2024-09-08 15:11:57 +0000"
    },
    "done": true
  },
  "create:root": {
    "criteria": {
      "0": "2024-09-08 15:11:57 +0000"
    },
    "done": true
  },
  "ae2wtlib:recipes/wireless_universal_terminal/upgrade_pattern_access": {
    "criteria": {
      "has_wit": "2024-09-08 15:11:57 +0000"
    },
    "done": true
  },
  "stellarity:cursed_tome/root": {
    "criteria": {
      "requirement": "2024-09-08 15:11:57 +0000"
    },
    "done": true
  },
  "minecraft:recipes/decorations/crafting_table": {
    "criteria": {
      "unlock_right_away": "2024-09-08 15:11:57 +0000"
    },
    "done": true
  },
  "storagedrawers:recipes/storagedrawers/illumination_upgrade": {
    "criteria": {
      "has_template": "2024-09-08 15:11:57 +0000"
    },
    "done": true
  },
  "storagedrawers:recipes/storagedrawers/acacia_trim": {
    "criteria": {
      "has_planks": "2024-09-08 15:11:57 +0000"
    },
    "done": true
  },
  "ae2wtlib:recipes/wireless_universal_terminal/upgrade_crafting": {
    "criteria": {
      "has_wct": "2024-09-08 15:11:57 +0000"
    },
    "done": true
  },
  "storagedrawers:recipes/storagedrawers/concealment_key": {
    "criteria": {
      "has_template": "2024-09-08 15:11:57 +0000"
    },
    "done": true
  },
  "ae2wtlib:recipes/wireless_pattern_access_terminal": {
    "criteria": {
      "has_wt": "2024-09-08 15:11:57 +0000"
    },
    "done": true
  },
  "camping:main/root": {
    "criteria": {
      "bags": "2024-09-08 15:11:57 +0000"
    },
    "done": true
  },
  "storagedrawers:recipes/storagedrawers/cherry_trim": {
    "criteria": {
      "has_planks": "2024-09-08 15:11:57 +0000"
    },
    "done": true
  },
  "storagedrawers:recipes/storagedrawers/gold_storage_upgrade": {
    "criteria": {
      "has_template": "2024-09-08 15:11:57 +0000"
    },
    "done": true
  },
  "storagedrawers:recipes/storagedrawers/birch_trim": {
    "criteria": {
      "has_planks": "2024-09-08 15:11:57 +0000"
    },
    "done": true
  },
  "storagedrawers:recipes/storagedrawers/void_upgrade": {
    "criteria": {
      "has_template": "2024-09-08 15:11:57 +0000"
    },
    "done": true
  },
  "storagedrawers:recipes/storagedrawers/fill_level_upgrade": {
    "criteria": {
      "has_template": "2024-09-08 15:11:57 +0000"
    },
    "done": true
  },
  "ae2wtlib:recipes/wireless_pattern_encoding_terminal": {
    "criteria": {
      "has_wt": "2024-09-08 15:11:57 +0000"
    },
    "done": true
  },
  "storagedrawers:recipes/storagedrawers/oak_trim": {
    "criteria": {
      "has_planks": "2024-09-08 15:11:57 +0000"
    },
    "done": true
  },
  "ironfurnaces:coal": {
    "criteria": {
      "rainbowcoal": "2024-09-08 15:11:57 +0000"
    },
    "done": true
  },
  "storagedrawers:recipes/storagedrawers/emerald_storage_upgrade": {
    "criteria": {
      "has_template": "2024-09-08 15:11:57 +0000"
    },
    "done": true
  },
  "storagedrawers:recipes/storagedrawers/obsidian_storage_upgrade": {
    "criteria": {
      "has_template": "2024-09-08 15:11:57 +0000"
    },
    "done": true
  },
  "storagedrawers:recipes/storagedrawers/iron_storage_upgrade": {
    "criteria": {
      "has_template": "2024-09-08 15:11:57 +0000"
    },
    "done": true
  },
  "thingamajigs:recipes/redstone/thingamajig_state_cell": {
    "criteria": {
      "has_redstone": "2024-09-08 15:11:57 +0000"
    },
    "done": true
  },
  "ae2wtlib:recipes/magnet_card": {
    "criteria": {
      "has_wct": "2024-09-08 15:11:57 +0000"
    },
    "done": true
  },
  "storagedrawers:recipes/storagedrawers/diamond_storage_upgrade": {
    "criteria": {
      "has_template": "2024-09-08 15:11:57 +0000"
    },
    "done": true
  },
  "storagedrawers:recipes/storagedrawers/crimson_trim": {
    "criteria": {
      "has_planks": "2024-09-08 15:11:57 +0000"
    },
    "done": true
  },
  "incendium:technical/new_player": {
    "criteria": {
      "requirement": "2024-09-08 15:11:57 +0000"
    },
    "done": true
  },
  "stellarity:dragons_den/cursed_tome/root": {
    "criteria": {
      "requirement": "2024-09-08 15:11:57 +0000"
    },
    "done": true
  },
  "ae2wtlib:recipes/wireless_universal_terminal/upgrade_pattern_encoding": {
    "criteria": {
      "has_wpt": "2024-09-08 15:11:57 +0000"
    },
    "done": true
  },
  "ae2wtlib:recipes/wireless_universal_terminal/ce": {
    "criteria": {
      "has_wpt": "2024-09-08 15:11:57 +0000",
      "has_wct": "2024-09-08 15:11:57 +0000"
    },
    "done": true
  },
  "ae2wtlib:recipes/wireless_universal_terminal/ca": {
    "criteria": {
      "has_wit": "2024-09-08 15:11:57 +0000",
      "has_wct": "2024-09-08 15:11:57 +0000"
    },
    "done": true
  },
  "ae2wtlib:recipes/wireless_universal_terminal/ae": {
    "criteria": {
      "has_wit": "2024-09-08 15:11:57 +0000",
      "has_wpt": "2024-09-08 15:11:57 +0000"
    },
    "done": true
  },
  "storagedrawers:recipes/storagedrawers/drawer_key": {
    "criteria": {
      "has_template": "2024-09-08 15:11:57 +0000"
    },
    "done": true
  },
  "storagedrawers:recipes/storagedrawers/min_redstone_upgrade": {
    "criteria": {
      "has_template": "2024-09-08 15:11:57 +0000"
    },
    "done": true
  },
  "ae2wtlib:recipes/quantum_bridge_card": {
    "criteria": {
      "has_wit": "2024-09-08 15:11:57 +0000",
      "has_wpt": "2024-09-08 15:11:57 +0000",
      "has_wct": "2024-09-08 15:11:57 +0000"
    },
    "done": true
  },
  "storagedrawers:recipes/storagedrawers/warped_trim": {
    "criteria": {
      "has_planks": "2024-09-08 15:11:57 +0000"
    },
    "done": true
  },
  "storagedrawers:recipes/storagedrawers/jungle_trim": {
    "criteria": {
      "has_planks": "2024-09-08 15:11:57 +0000"
    },
    "done": true
  },
  "storagedrawers:recipes/storagedrawers/max_redstone_upgrade": {
    "criteria": {
      "has_template": "2024-09-08 15:11:57 +0000"
    },
    "done": true
  },
  "lootr:root": {
    "criteria": {
      "always_true": "2024-09-08 15:11:57 +0000"
    },
    "done": true
  },
  "storagedrawers:recipes/storagedrawers/bamboo_trim": {
    "criteria": {
      "has_planks": "2024-09-08 15:11:57 +0000"
    },
    "done": true
  },
  "storagedrawers:recipes/storagedrawers/mangrove_trim": {
    "criteria": {
      "has_planks": "2024-09-08 15:11:57 +0000"
    },
    "done": true
  },
  "storagedrawers:recipes/storagedrawers/redstone_upgrade": {
    "criteria": {
      "has_template": "2024-09-08 15:11:57 +0000"
    },
    "done": true
  },
  "storagedrawers:recipes/storagedrawers/spruce_trim": {
    "criteria": {
      "has_planks": "2024-09-08 15:11:57 +0000"
    },
    "done": true
  },
  "farmersdelight:main/root": {
    "criteria": {
      "seeds": "2024-09-08 15:11:57 +0000"
    },
    "done": true
  },
  "storagedrawers:recipes/storagedrawers/quantify_key": {
    "criteria": {
      "has_template": "2024-09-08 15:11:57 +0000"
    },
    "done": true
  },
  "storagedrawers:recipes/storagedrawers/dark_oak_trim": {
    "criteria": {
      "has_planks": "2024-09-08 15:11:57 +0000"
    },
    "done": true
  },
  "thingamajigs:get_book": {
    "criteria": {
      "tick": "2024-09-08 15:11:57 +0000"
    },
    "done": true
  },
  "incendium:technical/using/ragnarok": {
    "criteria": {
      "log_spam_fixer": "2024-09-08 15:11:58 +0000"
    },
    "done": false
  },
  "regions_unexplored:regions_explored": {
    "criteria": {
      "silver_birch_forest": "2024-09-08 15:15:08 +0000",
      "autumnal_maple_forest": "2024-09-08 15:15:12 +0000",
      "muddy_river": "2024-09-08 15:13:05 +0000",
      "maple_forest": "2024-09-08 15:14:07 +0000",
      "boreal_forest": "2024-09-08 15:11:58 +0000",
      "cold_river": "2024-09-08 15:15:58 +0000",
      "gravel_beach": "2024-09-08 15:13:00 +0000"
    },
    "done": false
  },
  "regions_unexplored:pioneer": {
    "criteria": {
      "silver_birch_forest": "2024-09-08 15:15:08 +0000",
      "autumnal_maple_forest": "2024-09-08 15:15:12 +0000",
      "muddy_river": "2024-09-08 15:13:05 +0000",
      "maple_forest": "2024-09-08 15:14:07 +0000",
      "boreal_forest": "2024-09-08 15:11:58 +0000",
      "cold_river": "2024-09-08 15:15:58 +0000",
      "gravel_beach": "2024-09-08 15:13:00 +0000"
    },
    "done": false
  },
  "incendium:technical/using/shield": {
    "criteria": {
      "log_spam_fixer": "2024-09-08 15:11:58 +0000"
    },
    "done": false
  },
  "regions_unexplored:parent": {
    "criteria": {
      "load_in_world": "2024-09-08 15:11:58 +0000"
    },
    "done": true
  },
  "incendium:technical/scroll_of_returning": {
    "criteria": {
      "log_spam_fixer": "2024-09-08 15:11:58 +0000"
    },
    "done": false
  },
  "incendium:technical/using/trailblazer": {
    "criteria": {
      "log_spam_fixer": "2024-09-08 15:11:58 +0000"
    },
    "done": false
  },
  "minecraft:adventure/adventuring_time": {
    "criteria": {
      "minecraft:cold_ocean": "2024-09-08 15:12:57 +0000"
    },
    "done": false
  },
  "regions_unexplored:recipes/transportation/maple_boat": {
    "criteria": {
      "in_water": "2024-09-08 15:15:57 +0000"
    },
    "done": true
  },
  "regions_unexplored:recipes/transportation/magnolia_boat": {
    "criteria": {
      "in_water": "2024-09-08 15:15:57 +0000"
    },
    "done": true
  },
  "minecraft:recipes/transportation/cherry_boat": {
    "criteria": {
      "in_water": "2024-09-08 15:15:57 +0000"
    },
    "done": true
  },
  "minecraft:recipes/transportation/acacia_boat": {
    "criteria": {
      "in_water": "2024-09-08 15:15:57 +0000"
    },
    "done": true
  },
  "minecraft:recipes/transportation/jungle_boat": {
    "criteria": {
      "in_water": "2024-09-08 15:15:57 +0000"
    },
    "done": true
  },
  "regions_unexplored:recipes/transportation/pine_boat": {
    "criteria": {
      "in_water": "2024-09-08 15:15:57 +0000"
    },
    "done": true
  },
  "regions_unexplored:recipes/transportation/socotra_boat": {
    "criteria": {
      "in_water": "2024-09-08 15:15:57 +0000"
    },
    "done": true
  },
  "minecraft:recipes/transportation/spruce_boat": {
    "criteria": {
      "in_water": "2024-09-08 15:15:57 +0000"
    },
    "done": true
  },
  "regions_unexplored:recipes/transportation/dead_boat": {
    "criteria": {
      "in_water": "2024-09-08 15:15:57 +0000"
    },
    "done": true
  },
  "minecraft:recipes/transportation/mangrove_boat": {
    "criteria": {
      "in_water": "2024-09-08 15:15:57 +0000"
    },
    "done": true
  },
  "regions_unexplored:recipes/transportation/baobab_boat": {
    "criteria": {
      "in_water": "2024-09-08 15:15:57 +0000"
    },
    "done": true
  },
  "regions_unexplored:recipes/transportation/joshua_boat": {
    "criteria": {
      "in_water": "2024-09-08 15:15:57 +0000"
    },
    "done": true
  },
  "minecraft:recipes/transportation/dark_oak_boat": {
    "criteria": {
      "in_water": "2024-09-08 15:15:57 +0000"
    },
    "done": true
  },
  "minecraft:recipes/transportation/bamboo_raft": {
    "criteria": {
      "in_water": "2024-09-08 15:15:57 +0000"
    },
    "done": true
  },
  "regions_unexplored:recipes/transportation/kapok_boat": {
    "criteria": {
      "in_water": "2024-09-08 15:15:57 +0000"
    },
    "done": true
  },
  "regions_unexplored:recipes/transportation/cypress_boat": {
    "criteria": {
      "in_water": "2024-09-08 15:15:57 +0000"
    },
    "done": true
  },
  "regions_unexplored:recipes/transportation/larch_boat": {
    "criteria": {
      "in_water": "2024-09-08 15:15:57 +0000"
    },
    "done": true
  },
  "regions_unexplored:recipes/transportation/blackwood_boat": {
    "criteria": {
      "in_water": "2024-09-08 15:15:57 +0000"
    },
    "done": true
  },
  "regions_unexplored:recipes/transportation/eucalyptus_boat": {
    "criteria": {
      "in_water": "2024-09-08 15:15:57 +0000"
    },
    "done": true
  },
  "regions_unexplored:recipes/transportation/palm_boat": {
    "criteria": {
      "in_water": "2024-09-08 15:15:57 +0000"
    },
    "done": true
  },
  "regions_unexplored:recipes/transportation/oak_boat": {
    "criteria": {
      "in_water": "2024-09-08 15:15:57 +0000"
    },
    "done": true
  },
  "minecraft:recipes/transportation/birch_boat": {
    "criteria": {
      "in_water": "2024-09-08 15:15:57 +0000"
    },
    "done": true
  },
  "minecraft:recipes/transportation/oak_boat": {
    "criteria": {
      "in_water": "2024-09-08 15:15:57 +0000"
    },
    "done": true
  },
  "regions_unexplored:recipes/transportation/mauve_boat": {
    "criteria": {
      "in_water": "2024-09-08 15:15:57 +0000"
    },
    "done": true
  },
  "regions_unexplored:recipes/transportation/redwood_boat": {
    "criteria": {
      "in_water": "2024-09-08 15:15:57 +0000"
    },
    "done": true
  },
  "regions_unexplored:recipes/transportation/willow_boat": {
    "criteria": {
      "in_water": "2024-09-08 15:15:57 +0000"
    },
    "done": true
  },
  "farmersdelight:main/eat_comfort_food": {
    "criteria": {
      "comfort": "2024-09-08 15:17:02 +0000"
    },
    "done": true
  },
  "botania:recipes/food/mushroom_stew": {
    "criteria": {
      "has_item": "2024-09-08 15:17:02 +0000"
    },
    "done": true
  },
  "farmersdelight:recipes/food/mixed_salad": {
    "criteria": {
      "has_bowl": "2024-09-08 15:17:02 +0000"
    },
    "done": true
  },
  "farmersdelight:main/master_chef": {
    "criteria": {
      "noodle_soup": "2024-09-08 15:17:02 +0000"
    },
    "done": false
  },
  "minecraft:recipes/food/mushroom_stew": {
    "criteria": {
      "has_bowl": "2024-09-08 15:17:02 +0000"
    },
    "done": true
  },
  "farmersdelight:recipes/food/nether_salad": {
    "criteria": {
      "has_bowl": "2024-09-08 15:17:02 +0000"
    },
    "done": true
  },
  "minecraft:husbandry/root": {
    "criteria": {
      "consumed_item": "2024-09-08 15:17:02 +0000"
    },
    "done": true
  },
  "supplementaries:adventure/way_sign": {
    "criteria": {
      "bastion": "2024-09-08 15:17:16 +0000"
    },
    "done": true
  },
  "refurbished_furniture:recipes/misc/slicing/yellow_dye_from_sunflower": {
    "criteria": {
      "has_sunflower": "2024-09-08 15:26:36 +0000"
    },
    "done": true
  },
  "minecraft:recipes/misc/yellow_dye_from_sunflower": {
    "criteria": {
      "has_sunflower": "2024-09-08 15:26:36 +0000"
    },
    "done": true
  },
  "regions_unexplored:recipes/decorations/birch_shrub": {
    "criteria": {
      "has_birch_sapling": "2024-09-08 15:26:39 +0000"
    },
    "done": true
  },
  "botania:recipes/tools/lexicon": {
    "criteria": {
      "has_item": "2024-09-08 15:26:39 +0000"
    },
    "done": true
  },
  "regions_unexplored:recipes/decorations/spruce_shrub": {
    "criteria": {
      "has_spruce_sapling": "2024-09-08 15:27:07 +0000"
    },
    "done": true
  },
  "regions_unexplored:recipes/misc/orange_dye_from_orange_coneflower": {
    "criteria": {
      "has_orange_coneflower": "2024-09-08 15:27:30 +0000"
    },
    "done": true
  },
  "regions_unexplored:recipes/decorations/silver_birch_branch_from_silver_birch_log": {
    "criteria": {
      "has_log": "2024-09-08 15:27:45 +0000"
    },
    "done": true
  },
  "minecraft:recipes/building_blocks/birch_planks": {
    "criteria": {
      "has_logs": "2024-09-08 15:27:45 +0000"
    },
    "done": true
  },
  "regions_unexplored:got_wood": {
    "criteria": {
      "silver_birch_log": "2024-09-08 15:27:45 +0000"
    },
    "done": false
  },
  "regions_unexplored:recipes/building_blocks/silver_birch_wood": {
    "criteria": {
      "has_log": "2024-09-08 15:27:45 +0000"
    },
    "done": true
  },
  "domum_ornamentum:recipes/tools/architectscutter": {
    "criteria": {
      "has_log": "2024-09-08 15:27:45 +0000"
    },
    "done": true
  },
  "regions_unexplored:recipes/decorations/silver_birch_shrub": {
    "criteria": {
      "has_silver_birch_sapling": "2024-09-08 15:27:45 +0000"
    },
    "done": true
  },
  "minecraft:recipes/misc/charcoal": {
    "criteria": {
      "has_log": "2024-09-08 15:27:45 +0000"
    },
    "done": true
  },
  "minecraft:recipes/decorations/chest": {
    "criteria": {
      "has_lots_of_items": "2024-09-08 15:27:48 +0000"
    },
    "done": true
  },
  "minecraft:recipes/misc/red_dye_from_poppy": {
    "criteria": {
      "has_poppy": "2024-09-08 15:27:48 +0000"
    },
    "done": true
  },
  "refurbished_furniture:recipes/misc/slicing/red_dye_from_poppy": {
    "criteria": {
      "has_poppy": "2024-09-08 15:27:48 +0000"
    },
    "done": true
  },
  "minecraft:recipes/misc/red_dye_from_tulip": {
    "criteria": {
      "has_red_flower": "2024-09-08 15:27:48 +0000"
    },
    "done": true
  },
  "swem:recipes/misc/vet_check_bag": {
    "criteria": {
      "has_poppy": "2024-09-08 15:27:48 +0000"
    },
    "done": true
  },
  "refurbished_furniture:recipes/misc/slicing/red_dye_from_red_tulip": {
    "criteria": {
      "has_red_tulip": "2024-09-08 15:27:48 +0000"
    },
    "done": true
  },
  "minecraft:recipes/decorations/ladder": {
    "criteria": {
      "has_stick": "2024-09-08 15:28:09 +0000"
    },
    "done": true
  },
  "supplementaries:recipes/flags/flag_magenta": {
    "criteria": {
      "has_stick": "2024-09-08 15:28:09 +0000"
    },
    "done": true
  },
  "minecraft:recipes/tools/wooden_axe": {
    "criteria": {
      "has_stick": "2024-09-08 15:28:09 +0000"
    },
    "done": true
  },
  "swem:recipes/misc/western_fence_acacia": {
    "criteria": {
      "has_stick": "2024-09-08 15:28:09 +0000"
    },
    "done": true
  },
  "refurbished_furniture:recipes/misc/constructing/birch_lattice_fence": {
    "criteria": {
      "has_stick": "2024-09-08 15:28:09 +0000"
    },
    "done": true
  },
  "supplementaries:recipes/daub_cross_brace": {
    "criteria": {
      "forge:rods/wooden": "2024-09-08 15:28:09 +0000"
    },
    "done": true
  },
  "minecraft:recipes/decorations/campfire": {
    "criteria": {
      "has_stick": "2024-09-08 15:28:09 +0000"
    },
    "done": true
  },
  "refurbished_furniture:recipes/misc/constructing/dark_oak_lattice_fence": {
    "criteria": {
      "has_stick": "2024-09-08 15:28:09 +0000"
    },
    "done": true
  },
  "swem:recipes/misc/western_fence_spruce": {
    "criteria": {
      "has_stick": "2024-09-08 15:28:09 +0000"
    },
    "done": true
  },
  "supplementaries:recipes/timber_brace": {
    "criteria": {
      "forge:rods/wooden": "2024-09-08 15:28:09 +0000"
    },
    "done": true
  },
  "swem:recipes/misc/pasture_fence_acacia": {
    "criteria": {
      "has_stick": "2024-09-08 15:28:09 +0000"
    },
    "done": true
  },
  "supplementaries:recipes/flags/flag_black": {
    "criteria": {
      "has_stick": "2024-09-08 15:28:09 +0000"
    },
    "done": true
  },
  "minecraft:recipes/combat/wooden_sword": {
    "criteria": {
      "has_stick": "2024-09-08 15:28:09 +0000"
    },
    "done": true
  },
  "supplementaries:recipes/flags/flag_green": {
    "criteria": {
      "has_stick": "2024-09-08 15:28:09 +0000"
    },
    "done": true
  },
  "supplementaries:recipes/flags/flag_purple": {
    "criteria": {
      "has_stick": "2024-09-08 15:28:09 +0000"
    },
    "done": true
  },
  "supplementaries:recipes/flags/flag_white": {
    "criteria": {
      "has_stick": "2024-09-08 15:28:09 +0000"
    },
    "done": true
  },
  "refurbished_furniture:recipes/misc/constructing/jungle_lattice_fence_gate": {
    "criteria": {
      "has_stick": "2024-09-08 15:28:09 +0000"
    },
    "done": true
  },
  "supplementaries:recipes/timber_cross_brace": {
    "criteria": {
      "forge:rods/wooden": "2024-09-08 15:28:09 +0000"
    },
    "done": true
  },
  "supplementaries:recipes/flags/flag_gray": {
    "criteria": {
      "has_stick": "2024-09-08 15:28:09 +0000"
    },
    "done": true
  },
  "supplementaries:recipes/faucet": {
    "criteria": {
      "forge:rods/wooden": "2024-09-08 15:28:09 +0000"
    },
    "done": true
  },
  "swem:recipes/misc/pasture_fence_spruce": {
    "criteria": {
      "has_stick": "2024-09-08 15:28:09 +0000"
    },
    "done": true
  },
  "refurbished_furniture:recipes/misc/constructing/spruce_lattice_fence": {
    "criteria": {
      "has_stick": "2024-09-08 15:28:09 +0000"
    },
    "done": true
  },
  "domum_ornamentum:recipes/building_blocks/blockbarreldeco_onside": {
    "criteria": {
      "has_stick": "2024-09-08 15:28:09 +0000"
    },
    "done": true
  },
  "refurbished_furniture:recipes/misc/constructing/crimson_lattice_fence_gate": {
    "criteria": {
      "has_stick": "2024-09-08 15:28:09 +0000"
    },
    "done": true
  },
  "swem:recipes/misc/western_fence_jungle": {
    "criteria": {
      "has_stick": "2024-09-08 15:28:09 +0000"
    },
    "done": true
  },
  "supplementaries:recipes/flags/flag_light_blue": {
    "criteria": {
      "has_stick": "2024-09-08 15:28:09 +0000"
    },
    "done": true
  },
  "swem:recipes/misc/pasture_fence_birch": {
    "criteria": {
      "has_stick": "2024-09-08 15:28:09 +0000"
    },
    "done": true
  },
  "swem:recipes/misc/western_fence_birch": {
    "criteria": {
      "has_stick": "2024-09-08 15:28:09 +0000"
    },
    "done": true
  },
  "swem:recipes/misc/pasture_fence_jungle": {
    "criteria": {
      "has_stick": "2024-09-08 15:28:09 +0000"
    },
    "done": true
  },
  "supplementaries:recipes/daub_brace": {
    "criteria": {
      "forge:rods/wooden": "2024-09-08 15:28:09 +0000"
    },
    "done": true
  },
  "refurbished_furniture:recipes/misc/constructing/oak_lattice_fence": {
    "criteria": {
      "has_stick": "2024-09-08 15:28:09 +0000"
    },
    "done": true
  },
  "minecraft:recipes/tools/wooden_pickaxe": {
    "criteria": {
      "has_stick": "2024-09-08 15:28:09 +0000"
    },
    "done": true
  },
  "supplementaries:recipes/flags/flag_cyan": {
    "criteria": {
      "has_stick": "2024-09-08 15:28:09 +0000"
    },
    "done": true
  },
  "refurbished_furniture:recipes/misc/constructing/cherry_lattice_fence_gate": {
    "criteria": {
      "has_stick": "2024-09-08 15:28:09 +0000"
    },
    "done": true
  },
  "supplementaries:recipes/flags/flag_red": {
    "criteria": {
      "has_stick": "2024-09-08 15:28:09 +0000"
    },
    "done": true
  },
  "domum_ornamentum:recipes/building_blocks/blockbarreldeco_standing": {
    "criteria": {
      "has_stick": "2024-09-08 15:28:09 +0000"
    },
    "done": true
  },
  "refurbished_furniture:recipes/misc/constructing/warped_lattice_fence": {
    "criteria": {
      "has_stick": "2024-09-08 15:28:09 +0000"
    },
    "done": true
  },
  "refurbished_furniture:recipes/misc/constructing/birch_lattice_fence_gate": {
    "criteria": {
      "has_stick": "2024-09-08 15:28:09 +0000"
    },
    "done": true
  },
  "swem:recipes/misc/pasture_fence_dark_oak": {
    "criteria": {
      "has_stick": "2024-09-08 15:28:09 +0000"
    },
    "done": true
  },
  "refurbished_furniture:recipes/misc/constructing/crimson_lattice_fence": {
    "criteria": {
      "has_stick": "2024-09-08 15:28:09 +0000"
    },
    "done": true
  },
  "refurbished_furniture:recipes/misc/constructing/jungle_lattice_fence": {
    "criteria": {
      "has_stick": "2024-09-08 15:28:09 +0000"
    },
    "done": true
  },
  "refurbished_furniture:recipes/misc/constructing/spruce_lattice_fence_gate": {
    "criteria": {
      "has_stick": "2024-09-08 15:28:09 +0000"
    },
    "done": true
  },
  "supplementaries:recipes/crank": {
    "criteria": {
      "forge:rods/wooden": "2024-09-08 15:28:09 +0000"
    },
    "done": true
  },
  "refurbished_furniture:recipes/misc/constructing/dark_oak_lattice_fence_gate": {
    "criteria": {
      "has_stick": "2024-09-08 15:28:09 +0000"
    },
    "done": true
  },
  "supplementaries:recipes/flags/flag_orange": {
    "criteria": {
      "has_stick": "2024-09-08 15:28:09 +0000"
    },
    "done": true
  },
  "alekiships:crafting/oar": {
    "criteria": {
      "has_item": "2024-09-08 15:28:09 +0000"
    },
    "done": true
  },
  "refurbished_furniture:recipes/misc/constructing/oak_lattice_fence_gate": {
    "criteria": {
      "has_stick": "2024-09-08 15:28:09 +0000"
    },
    "done": true
  },
  "swem:recipes/misc/pasture_fence_whitewash": {
    "criteria": {
      "has_stick": "2024-09-08 15:28:09 +0000"
    },
    "done": true
  },
  "supplementaries:recipes/flags/flag_pink": {
    "criteria": {
      "has_stick": "2024-09-08 15:28:09 +0000"
    },
    "done": true
  },
  "supplementaries:recipes/timber_frame": {
    "criteria": {
      "forge:rods/wooden": "2024-09-08 15:28:09 +0000"
    },
    "done": true
  },
  "minecraft:recipes/tools/wooden_hoe": {
    "criteria": {
      "has_stick": "2024-09-08 15:28:09 +0000"
    },
    "done": true
  },
  "refurbished_furniture:recipes/misc/constructing/acacia_lattice_fence": {
    "criteria": {
      "has_stick": "2024-09-08 15:28:09 +0000"
    },
    "done": true
  },
  "supplementaries:recipes/slingshot": {
    "criteria": {
      "forge:rods/wooden": "2024-09-08 15:28:09 +0000"
    },
    "done": true
  },
  "minecraft:recipes/tools/wooden_shovel": {
    "criteria": {
      "has_stick": "2024-09-08 15:28:09 +0000"
    },
    "done": true
  },
  "swem:recipes/misc/western_fence_oak": {
    "criteria": {
      "has_stick": "2024-09-08 15:28:09 +0000"
    },
    "done": true
  },
  "refurbished_furniture:recipes/misc/constructing/mangrove_lattice_fence_gate": {
    "criteria": {
      "has_stick": "2024-09-08 15:28:09 +0000"
    },
    "done": true
  },
  "ae2:recipes/misc/network/blocks/crank": {
    "criteria": {
      "has_stick": "2024-09-08 15:28:09 +0000"
    },
    "done": true
  },
  "supplementaries:recipes/flags/flag_brown": {
    "criteria": {
      "has_stick": "2024-09-08 15:28:09 +0000"
    },
    "done": true
  },
  "farmersdelight:recipes/combat/flint_knife": {
    "criteria": {
      "has_stick": "2024-09-08 15:28:09 +0000"
    },
    "done": true
  },
  "minecolonies:recipes/misc/shapetool": {
    "criteria": {
      "has_stick": "2024-09-08 15:28:09 +0000"
    },
    "done": true
  },
  "swem:recipes/misc/pasture_fence_oak": {
    "criteria": {
      "has_stick": "2024-09-08 15:28:09 +0000"
    },
    "done": true
  },
  "refurbished_furniture:recipes/misc/constructing/cherry_lattice_fence": {
    "criteria": {
      "has_stick": "2024-09-08 15:28:09 +0000"
    },
    "done": true
  },
  "supplementaries:recipes/flags/flag_blue": {
    "criteria": {
      "has_stick": "2024-09-08 15:28:09 +0000"
    },
    "done": true
  },
  "refurbished_furniture:recipes/misc/constructing/warped_lattice_fence_gate": {
    "criteria": {
      "has_stick": "2024-09-08 15:28:09 +0000"
    },
    "done": true
  },
  "supplementaries:recipes/daub_frame": {
    "criteria": {
      "forge:rods/wooden": "2024-09-08 15:28:09 +0000"
    },
    "done": true
  },
  "refurbished_furniture:recipes/misc/constructing/mangrove_lattice_fence": {
    "criteria": {
      "has_stick": "2024-09-08 15:28:09 +0000"
    },
    "done": true
  },
  "supplementaries:recipes/flags/flag_yellow": {
    "criteria": {
      "has_stick": "2024-09-08 15:28:09 +0000"
    },
    "done": true
  },
  "supplementaries:recipes/flags/flag_light_gray": {
    "criteria": {
      "has_stick": "2024-09-08 15:28:09 +0000"
    },
    "done": true
  },
  "refurbished_furniture:recipes/misc/constructing/acacia_lattice_fence_gate": {
    "criteria": {
      "has_stick": "2024-09-08 15:28:09 +0000"
    },
    "done": true
  },
  "swem:recipes/misc/western_fence_whitewash": {
    "criteria": {
      "has_stick": "2024-09-08 15:28:09 +0000"
    },
    "done": true
  },
  "farmersdelight:recipes/decorations/cutting_board": {
    "criteria": {
      "has_stick": "2024-09-08 15:28:09 +0000"
    },
    "done": true
  },
  "swem:recipes/misc/western_fence_dark_oak": {
    "criteria": {
      "has_stick": "2024-09-08 15:28:09 +0000"
    },
    "done": true
  },
  "supplementaries:recipes/flags/flag_lime": {
    "criteria": {
      "has_stick": "2024-09-08 15:28:09 +0000"
    },
    "done": true
  },
  "swem:recipes/misc/english_leg_wraps/english_leg_wraps_blue_from_leg_wraps": {
    "criteria": {
      "has_english_leg_wraps": "2024-09-08 15:56:03 +0000"
    },
    "done": true
  },
  "swem:recipes/misc/english_leg_wraps/english_leg_wraps_purple": {
    "criteria": {
      "has_english_leg_wraps": "2024-09-08 15:56:03 +0000"
    },
    "done": true
  },
  "swem:recipes/misc/english_blanket/english_blanket_red": {
    "criteria": {
      "has_english_blanket": "2024-09-08 15:56:03 +0000"
    },
    "done": true
  },
  "swem:recipes/misc/english_blanket/english_blanket_green": {
    "criteria": {
      "has_english_blanket": "2024-09-08 15:56:03 +0000"
    },
    "done": true
  },
  "swem:recipes/misc/pasture_blanket/pasture_blanket_armored_black": {
    "criteria": {
      "has_pasture_blanket_armored": "2024-09-08 15:56:03 +0000"
    },
    "done": true
  },
  "minecraft:recipes/building_blocks/mud_brick_slab_from_mud_bricks_stonecutting": {
    "criteria": {
      "has_mud_bricks": "2024-09-08 15:54:43 +0000"
    },
    "done": true
  },
  "swem:recipes/misc/english_leg_wraps/english_leg_wraps_gray": {
    "criteria": {
      "has_english_leg_wraps": "2024-09-08 15:56:03 +0000"
    },
    "done": true
  },
  "swem:recipes/misc/pasture_blanket/pasture_blanket_cyan": {
    "criteria": {
      "has_pasture_blanket": "2024-09-08 15:56:03 +0000"
    },
    "done": true
  },
  "swem:recipes/misc/western_leg_wraps/western_leg_wraps_purple_from_leg_wraps": {
    "criteria": {
      "has_western_leg_wraps": "2024-09-08 15:56:03 +0000"
    },
    "done": true
  },
  "swem:recipes/misc/english_blanket/english_blanket_white": {
    "criteria": {
      "has_english_blanket": "2024-09-08 15:56:03 +0000"
    },
    "done": true
  },
  "swem:recipes/misc/english_leg_wraps/english_leg_wraps_gray_from_leg_wraps": {
    "criteria": {
      "has_english_leg_wraps": "2024-09-08 15:56:03 +0000"
    },
    "done": true
  },
  "swem:recipes/misc/pasture_blanket/pasture_blanket_purple_armored_from_blanket": {
    "criteria": {
      "has_pasture_blanket_armored": "2024-09-08 15:56:03 +0000"
    },
    "done": true
  },
  "swem:recipes/misc/western_leg_wraps/western_leg_wraps_red_from_leg_wraps": {
    "criteria": {
      "has_western_leg_wraps": "2024-09-08 15:56:03 +0000"
    },
    "done": true
  },
  "swem:recipes/misc/western_leg_wraps/western_leg_wraps_brown": {
    "criteria": {
      "has_western_leg_wraps": "2024-09-08 15:56:03 +0000"
    },
    "done": true
  },
  "swem:recipes/misc/english_blanket/english_blanket_black": {
    "criteria": {
      "has_english_blanket": "2024-09-08 15:56:03 +0000"
    },
    "done": true
  },
  "swem:recipes/misc/english_leg_wraps/english_leg_wraps_purple_from_leg_wraps": {
    "criteria": {
      "has_english_leg_wraps": "2024-09-08 15:56:03 +0000"
    },
    "done": true
  },
  "swem:recipes/misc/english_blanket/english_blanket_pink": {
    "criteria": {
      "has_english_blanket": "2024-09-08 15:56:03 +0000"
    },
    "done": true
  },
  "swem:recipes/misc/english_blanket/english_blanket_gray": {
    "criteria": {
      "has_english_blanket": "2024-09-08 15:56:03 +0000"
    },
    "done": true
  },
  "swem:recipes/misc/western_leg_wraps/western_leg_wraps_light_blue_from_leg_wraps": {
    "criteria": {
      "has_western_leg_wraps": "2024-09-08 15:56:03 +0000"
    },
    "done": true
  },
  "swem:recipes/misc/pasture_blanket/pasture_blanket_green": {
    "criteria": {
      "has_pasture_blanket": "2024-09-08 15:56:03 +0000"
    },
    "done": true
  },
  "swem:recipes/misc/english_leg_wraps/english_leg_wraps_white": {
    "criteria": {
      "has_english_leg_wraps": "2024-09-08 15:56:03 +0000"
    },
    "done": true
  },
  "swem:recipes/misc/western_leg_wraps/western_leg_wraps_white": {
    "criteria": {
      "has_western_leg_wraps": "2024-09-08 15:56:03 +0000"
    },
    "done": true
  },
  "minecraft:recipes/building_blocks/mud_brick_stairs": {
    "criteria": {
      "has_mud_bricks": "2024-09-08 15:54:43 +0000"
    },
    "done": true
  },
  "swem:recipes/misc/pasture_blanket/pasture_blanket_black": {
    "criteria": {
      "has_pasture_blanket": "2024-09-08 15:56:03 +0000"
    },
    "done": true
  },
  "swem:recipes/misc/pasture_blanket/pasture_blanket_armored_yellow": {
    "criteria": {
      "has_pasture_blanket_armored": "2024-09-08 15:56:03 +0000"
    },
    "done": true
  },
  "swem:recipes/misc/english_leg_wraps/english_leg_wraps_yellow_from_leg_wraps": {
    "criteria": {
      "has_english_leg_wraps": "2024-09-08 15:56:03 +0000"
    },
    "done": true
  },
  "swem:recipes/misc/pasture_blanket/pasture_blanket_gray_armored_from_blanket": {
    "criteria": {
      "has_pasture_blanket_armored": "2024-09-08 15:56:03 +0000"
    },
    "done": true
  },
  "swem:recipes/misc/english_leg_wraps/english_leg_wraps_brown_from_leg_wraps": {
    "criteria": {
      "has_english_leg_wraps": "2024-09-08 15:56:03 +0000"
    },
    "done": true
  },
  "swem:recipes/misc/western_leg_wraps/western_leg_wraps_brown_from_leg_wraps": {
    "criteria": {
      "has_western_leg_wraps": "2024-09-08 15:56:03 +0000"
    },
    "done": true
  },
  "swem:recipes/misc/english_leg_wraps/english_leg_wraps_pink": {
    "criteria": {
      "has_english_leg_wraps": "2024-09-08 15:56:03 +0000"
    },
    "done": true
  },
  "swem:recipes/misc/pasture_blanket/pasture_blanket_light_blue": {
    "criteria": {
      "has_pasture_blanket": "2024-09-08 15:56:03 +0000"
    },
    "done": true
  },
  "swem:recipes/misc/western_leg_wraps/western_leg_wraps_green": {
    "criteria": {
      "has_western_leg_wraps": "2024-09-08 15:56:03 +0000"
    },
    "done": true
  },
  "swem:recipes/misc/english_blanket/english_blanket_red_from_blanket": {
    "criteria": {
      "has_english_blanket": "2024-09-08 15:56:03 +0000"
    },
    "done": true
  },
  "swem:recipes/misc/western_leg_wraps/western_leg_wraps_light_gray": {
    "criteria": {
      "has_western_leg_wraps": "2024-09-08 15:56:03 +0000"
    },
    "done": true
  },
  "swem:recipes/misc/pasture_blanket/pasture_blanket_red_armored_from_blanket": {
    "criteria": {
      "has_pasture_blanket_armored": "2024-09-08 15:56:03 +0000"
    },
    "done": true
  },
  "swem:recipes/misc/western_leg_wraps/western_leg_wraps_yellow_from_leg_wraps": {
    "criteria": {
      "has_western_leg_wraps": "2024-09-08 15:56:03 +0000"
    },
    "done": true
  },
  "swem:recipes/misc/english_leg_wraps/english_leg_wraps_black": {
    "criteria": {
      "has_english_leg_wraps": "2024-09-08 15:56:03 +0000"
    },
    "done": true
  },
  "minecraft:recipes/decorations/mud_brick_wall_from_mud_bricks_stonecutting": {
    "criteria": {
      "has_mud_bricks": "2024-09-08 15:54:43 +0000"
    },
    "done": true
  },
  "swem:recipes/misc/pasture_blanket/pasture_blanket_white": {
    "criteria": {
      "has_pasture_blanket": "2024-09-08 15:56:03 +0000"
    },
    "done": true
  },
  "swem:recipes/misc/pasture_blanket/pasture_blanket_armored_light_gray": {
    "criteria": {
      "has_pasture_blanket_armored": "2024-09-08 15:56:03 +0000"
    },
    "done": true
  },
  "swem:recipes/misc/english_blanket/english_blanket_purple": {
    "criteria": {
      "has_english_blanket": "2024-09-08 15:56:03 +0000"
    },
    "done": true
  },
  "swem:recipes/misc/pasture_blanket/pasture_blanket_armored_pink": {
    "criteria": {
      "has_pasture_blanket_armored": "2024-09-08 15:56:03 +0000"
    },
    "done": true
  },
  "swem:recipes/misc/western_leg_wraps/western_leg_wraps_red": {
    "criteria": {
      "has_western_leg_wraps": "2024-09-08 15:56:03 +0000"
    },
    "done": true
  },
  "swem:recipes/misc/pasture_blanket/pasture_blanket_armored_white": {
    "criteria": {
      "has_pasture_blanket_armored": "2024-09-08 15:56:03 +0000"
    },
    "done": true
  },
  "swem:recipes/misc/pasture_blanket/pasture_blanket_armored_green": {
    "criteria": {
      "has_pasture_blanket_armored": "2024-09-08 15:56:03 +0000"
    },
    "done": true
  },
  "swem:recipes/misc/western_leg_wraps/western_leg_wraps_orange": {
    "criteria": {
      "has_western_leg_wraps": "2024-09-08 15:56:03 +0000"
    },
    "done": true
  },
  "swem:recipes/misc/western_leg_wraps/western_leg_wraps_black_from_leg_wraps": {
    "criteria": {
      "has_western_leg_wraps": "2024-09-08 15:56:03 +0000"
    },
    "done": true
  },
  "swem:recipes/misc/english_leg_wraps/english_leg_wraps_green": {
    "criteria": {
      "has_english_leg_wraps": "2024-09-08 15:56:03 +0000"
    },
    "done": true
  },
  "swem:recipes/misc/pasture_blanket/pasture_blanket_armored_brown": {
    "criteria": {
      "has_pasture_blanket_armored": "2024-09-08 15:56:03 +0000"
    },
    "done": true
  },
  "swem:recipes/misc/english_blanket/english_blanket_cyan": {
    "criteria": {
      "has_english_blanket": "2024-09-08 15:56:03 +0000"
    },
    "done": true
  },
  "swem:recipes/misc/western_leg_wraps/western_leg_wraps_cyan_from_leg_wraps": {
    "criteria": {
      "has_western_leg_wraps": "2024-09-08 15:56:03 +0000"
    },
    "done": true
  },
  "swem:recipes/misc/english_blanket/english_blanket_lime_from_blanket": {
    "criteria": {
      "has_english_blanket": "2024-09-08 15:56:03 +0000"
    },
    "done": true
  },
  "swem:recipes/misc/western_leg_wraps/western_leg_wraps_light_blue": {
    "criteria": {
      "has_western_leg_wraps": "2024-09-08 15:56:03 +0000"
    },
    "done": true
  },
  "swem:recipes/misc/pasture_blanket/pasture_blanket_orange_armored_from_blanket": {
    "criteria": {
      "has_pasture_blanket_armored": "2024-09-08 15:56:03 +0000"
    },
    "done": true
  },
  "swem:recipes/misc/english_leg_wraps/english_leg_wraps_light_gray": {
    "criteria": {
      "has_english_leg_wraps": "2024-09-08 15:56:03 +0000"
    },
    "done": true
  },
  "swem:recipes/misc/english_blanket/english_blanket_black_from_blanket": {
    "criteria": {
      "has_english_blanket": "2024-09-08 15:56:03 +0000"
    },
    "done": true
  },
  "swem:recipes/misc/pasture_blanket/pasture_blanket_light_gray_armored_from_blanket": {
    "criteria": {
      "has_pasture_blanket_armored": "2024-09-08 15:56:03 +0000"
    },
    "done": true
  },
  "swem:recipes/misc/pasture_blanket/pasture_blanket_brown_armored_from_blanket": {
    "criteria": {
      "has_pasture_blanket_armored": "2024-09-08 15:56:03 +0000"
    },
    "done": true
  },
  "swem:recipes/misc/english_blanket/english_blanket_brown": {
    "criteria": {
      "has_english_blanket": "2024-09-08 15:56:03 +0000"
    },
    "done": true
  },
  "swem:recipes/misc/western_leg_wraps/western_leg_wraps_blue": {
    "criteria": {
      "has_western_leg_wraps": "2024-09-08 15:56:03 +0000"
    },
    "done": true
  },
  "swem:recipes/misc/pasture_blanket/pasture_blanket_light_blue_armored_from_blanket": {
    "criteria": {
      "has_pasture_blanket_armored": "2024-09-08 15:56:03 +0000"
    },
    "done": true
  },
  "swem:recipes/misc/western_leg_wraps/western_leg_wraps_lime": {
    "criteria": {
      "has_western_leg_wraps": "2024-09-08 15:56:03 +0000"
    },
    "done": true
  },
  "swem:recipes/misc/pasture_blanket/pasture_blanket_cyan_armored_from_blanket": {
    "criteria": {
      "has_pasture_blanket_armored": "2024-09-08 15:56:03 +0000"
    },
    "done": true
  },
  "swem:recipes/misc/pasture_blanket/pasture_blanket_green_armored_from_blanket": {
    "criteria": {
      "has_pasture_blanket_armored": "2024-09-08 15:56:03 +0000"
    },
    "done": true
  },
  "swem:recipes/misc/pasture_blanket/pasture_blanket_orange": {
    "criteria": {
      "has_pasture_blanket": "2024-09-08 15:56:03 +0000"
    },
    "done": true
  },
  "swem:recipes/misc/pasture_blanket/pasture_blanket_armored_purple": {
    "criteria": {
      "has_pasture_blanket_armored": "2024-09-08 15:56:03 +0000"
    },
    "done": true
  },
  "minecraft:recipes/building_blocks/mud_brick_slab": {
    "criteria": {
      "has_mud_bricks": "2024-09-08 15:54:43 +0000"
    },
    "done": true
  },
  "swem:recipes/misc/pasture_blanket/pasture_blanket_armored_red": {
    "criteria": {
      "has_pasture_blanket_armored": "2024-09-08 15:56:03 +0000"
    },
    "done": true
  },
  "swem:recipes/misc/english_blanket/english_blanket_purple_from_blanket": {
    "criteria": {
      "has_english_blanket": "2024-09-08 15:56:03 +0000"
    },
    "done": true
  },
  "swem:recipes/misc/english_blanket/english_blanket_light_gray_from_blanket": {
    "criteria": {
      "has_english_blanket": "2024-09-08 15:56:03 +0000"
    },
    "done": true
  },
  "swem:recipes/misc/pasture_blanket/pasture_blanket_black_armored_from_blanket": {
    "criteria": {
      "has_pasture_blanket_armored": "2024-09-08 15:56:03 +0000"
    },
    "done": true
  },
  "swem:recipes/misc/english_blanket/english_blanket_light_blue_from_blanket": {
    "criteria": {
      "has_english_blanket": "2024-09-08 15:56:03 +0000"
    },
    "done": true
  },
  "swem:recipes/misc/english_blanket/english_blanket_light_blue": {
    "criteria": {
      "has_english_blanket": "2024-09-08 15:56:03 +0000"
    },
    "done": true
  },
  "swem:recipes/misc/pasture_blanket/pasture_blanket_gray": {
    "criteria": {
      "has_pasture_blanket": "2024-09-08 15:56:03 +0000"
    },
    "done": true
  },
  "swem:recipes/misc/pasture_blanket/pasture_blanket_armored_lime": {
    "criteria": {
      "has_pasture_blanket_armored": "2024-09-08 15:56:03 +0000"
    },
    "done": true
  },
  "swem:recipes/misc/western_leg_wraps/western_leg_wraps_lime_from_leg_wraps": {
    "criteria": {
      "has_western_leg_wraps": "2024-09-08 15:56:03 +0000"
    },
    "done": true
  },
  "swem:recipes/misc/english_leg_wraps/english_leg_wraps_blue": {
    "criteria": {
      "has_english_leg_wraps": "2024-09-08 15:56:03 +0000"
    },
    "done": true
  },
  "swem:recipes/misc/western_leg_wraps/western_leg_wraps_yellow": {
    "criteria": {
      "has_western_leg_wraps": "2024-09-08 15:56:03 +0000"
    },
    "done": true
  },
  "swem:recipes/misc/pasture_blanket/pasture_blanket_armored_blue": {
    "criteria": {
      "has_pasture_blanket_armored": "2024-09-08 15:56:03 +0000"
    },
    "done": true
  },
  "swem:recipes/misc/english_leg_wraps/english_leg_wraps_yellow": {
    "criteria": {
      "has_english_leg_wraps": "2024-09-08 15:56:03 +0000"
    },
    "done": true
  },
  "swem:recipes/misc/english_leg_wraps/english_leg_wraps_lime": {
    "criteria": {
      "has_english_leg_wraps": "2024-09-08 15:56:03 +0000"
    },
    "done": true
  },
  "swem:recipes/misc/english_leg_wraps/english_leg_wraps_lime_from_leg_wraps": {
    "criteria": {
      "has_english_leg_wraps": "2024-09-08 15:56:03 +0000"
    },
    "done": true
  },
  "swem:recipes/misc/english_leg_wraps/english_leg_wraps_orange_from_leg_wraps": {
    "criteria": {
      "has_english_leg_wraps": "2024-09-08 15:56:03 +0000"
    },
    "done": true
  },
  "swem:recipes/misc/pasture_blanket/pasture_blanket_pink_armored_from_blanket": {
    "criteria": {
      "has_pasture_blanket_armored": "2024-09-08 15:56:03 +0000"
    },
    "done": true
  },
  "minecraft:recipes/building_blocks/mossy_stone_bricks_from_moss_block": {
    "criteria": {
      "has_moss_block": "2024-09-08 15:48:19 +0000"
    },
    "done": true
  },
  "swem:recipes/misc/english_blanket/english_blanket_yellow_from_blanket": {
    "criteria": {
      "has_english_blanket": "2024-09-08 15:56:03 +0000"
    },
    "done": true
  },
  "swem:recipes/misc/english_leg_wraps/english_leg_wraps_white_from_leg_wraps": {
    "criteria": {
      "has_english_leg_wraps": "2024-09-08 15:56:03 +0000"
    },
    "done": true
  },
  "swem:recipes/misc/english_leg_wraps/english_leg_wraps_black_from_leg_wraps": {
    "criteria": {
      "has_english_leg_wraps": "2024-09-08 15:56:03 +0000"
    },
    "done": true
  },
  "swem:recipes/misc/english_leg_wraps/english_leg_wraps_orange": {
    "criteria": {
      "has_english_leg_wraps": "2024-09-08 15:56:03 +0000"
    },
    "done": true
  },
  "swem:recipes/misc/english_blanket/english_blanket_magenta_from_blanket": {
    "criteria": {
      "has_english_blanket": "2024-09-08 15:56:03 +0000"
    },
    "done": true
  },
  "swem:recipes/misc/pasture_blanket/pasture_blanket_light_gray": {
    "criteria": {
      "has_pasture_blanket": "2024-09-08 15:56:03 +0000"
    },
    "done": true
  },
  "swem:recipes/misc/western_leg_wraps/western_leg_wraps_purple": {
    "criteria": {
      "has_western_leg_wraps": "2024-09-08 15:56:03 +0000"
    },
    "done": true
  },
  "swem:recipes/misc/pasture_blanket/pasture_blanket_red": {
    "criteria": {
      "has_pasture_blanket": "2024-09-08 15:56:03 +0000"
    },
    "done": true
  },
  "swem:recipes/misc/english_blanket/english_blanket_orange": {
    "criteria": {
      "has_english_blanket": "2024-09-08 15:56:03 +0000"
    },
    "done": true
  },
  "swem:recipes/misc/english_blanket/english_blanket_cyan_from_blanket": {
    "criteria": {
      "has_english_blanket": "2024-09-08 15:56:03 +0000"
    },
    "done": true
  },
  "swem:recipes/misc/english_blanket/english_blanket_magenta": {
    "criteria": {
      "has_english_blanket": "2024-09-08 15:56:03 +0000"
    },
    "done": true
  },
  "swem:recipes/misc/pasture_blanket/pasture_blanket_yellow": {
    "criteria": {
      "has_pasture_blanket": "2024-09-08 15:56:03 +0000"
    },
    "done": true
  },
  "swem:recipes/misc/english_leg_wraps/english_leg_wraps_red_from_leg_wraps": {
    "criteria": {
      "has_english_leg_wraps": "2024-09-08 15:56:03 +0000"
    },
    "done": true
  },
  "swem:recipes/misc/western_leg_wraps/western_leg_wraps_white_from_leg_wraps": {
    "criteria": {
      "has_western_leg_wraps": "2024-09-08 15:56:03 +0000"
    },
    "done": true
  },
  "swem:recipes/misc/english_blanket/english_blanket_blue_from_blanket": {
    "criteria": {
      "has_english_blanket": "2024-09-08 15:56:03 +0000"
    },
    "done": true
  },
  "swem:recipes/misc/western_leg_wraps/western_leg_wraps_green_from_leg_wraps": {
    "criteria": {
      "has_western_leg_wraps": "2024-09-08 15:56:03 +0000"
    },
    "done": true
  },
  "swem:recipes/misc/pasture_blanket/pasture_blanket_magenta_armored_from_blanket": {
    "criteria": {
      "has_pasture_blanket_armored": "2024-09-08 15:56:03 +0000"
    },
    "done": true
  },
  "swem:recipes/misc/western_leg_wraps/western_leg_wraps_pink": {
    "criteria": {
      "has_western_leg_wraps": "2024-09-08 15:56:03 +0000"
    },
    "done": true
  },
  "swem:recipes/misc/english_leg_wraps/english_leg_wraps_light_blue": {
    "criteria": {
      "has_english_leg_wraps": "2024-09-08 15:56:03 +0000"
    },
    "done": true
  },
  "swem:recipes/misc/english_leg_wraps/english_leg_wraps_cyan_from_leg_wraps": {
    "criteria": {
      "has_english_leg_wraps": "2024-09-08 15:56:03 +0000"
    },
    "done": true
  },
  "swem:recipes/misc/western_leg_wraps/western_leg_wraps_gray_from_leg_wraps": {
    "criteria": {
      "has_western_leg_wraps": "2024-09-08 15:56:03 +0000"
    },
    "done": true
  },
  "swem:recipes/misc/western_leg_wraps/western_leg_wraps_blue_from_leg_wraps": {
    "criteria": {
      "has_western_leg_wraps": "2024-09-08 15:56:03 +0000"
    },
    "done": true
  },
  "swem:recipes/misc/pasture_blanket/pasture_blanket_armored_light_blue": {
    "criteria": {
      "has_pasture_blanket_armored": "2024-09-08 15:56:03 +0000"
    },
    "done": true
  },
  "swem:recipes/misc/english_leg_wraps/english_leg_wraps_magenta_from_leg_wraps": {
    "criteria": {
      "has_english_leg_wraps": "2024-09-08 15:56:03 +0000"
    },
    "done": true
  },
  "domum_ornamentum:recipes/decorations/red_floating_carpet": {
    "criteria": {
      "has_carpet": "2024-09-08 15:56:03 +0000"
    },
    "done": true
  },
  "swem:recipes/misc/pasture_blanket/pasture_blanket_pink": {
    "criteria": {
      "has_pasture_blanket": "2024-09-08 15:56:03 +0000"
    },
    "done": true
  },
  "swem:recipes/misc/pasture_blanket/pasture_blanket_lime_armored_from_blanket": {
    "criteria": {
      "has_pasture_blanket_armored": "2024-09-08 15:56:03 +0000"
    },
    "done": true
  },
  "swem:recipes/misc/english_leg_wraps/english_leg_wraps_light_blue_from_leg_wraps": {
    "criteria": {
      "has_english_leg_wraps": "2024-09-08 15:56:03 +0000"
    },
    "done": true
  },
  "swem:recipes/misc/english_blanket/english_blanket_pink_from_blanket": {
    "criteria": {
      "has_english_blanket": "2024-09-08 15:56:03 +0000"
    },
    "done": true
  },
  "swem:recipes/misc/english_blanket/english_blanket_gray_from_blanket": {
    "criteria": {
      "has_english_blanket": "2024-09-08 15:56:03 +0000"
    },
    "done": true
  },
  "swem:recipes/misc/western_leg_wraps/western_leg_wraps_gray": {
    "criteria": {
      "has_western_leg_wraps": "2024-09-08 15:56:03 +0000"
    },
    "done": true
  },
  "swem:recipes/misc/western_leg_wraps/western_leg_wraps_magenta": {
    "criteria": {
      "has_western_leg_wraps": "2024-09-08 15:56:03 +0000"
    },
    "done": true
  },
  "swem:recipes/misc/english_blanket/english_blanket_light_gray": {
    "criteria": {
      "has_english_blanket": "2024-09-08 15:56:03 +0000"
    },
    "done": true
  },
  "swem:recipes/misc/english_blanket/english_blanket_white_from_blanket": {
    "criteria": {
      "has_english_blanket": "2024-09-08 15:56:03 +0000"
    },
    "done": true
  },
  "swem:recipes/misc/western_leg_wraps/western_leg_wraps_cyan": {
    "criteria": {
      "has_western_leg_wraps": "2024-09-08 15:56:03 +0000"
    },
    "done": true
  },
  "swem:recipes/misc/western_leg_wraps/western_leg_wraps_magenta_from_leg_wraps": {
    "criteria": {
      "has_western_leg_wraps": "2024-09-08 15:56:03 +0000"
    },
    "done": true
  },
  "swem:recipes/misc/pasture_blanket/pasture_blanket_purple": {
    "criteria": {
      "has_pasture_blanket": "2024-09-08 15:56:03 +0000"
    },
    "done": true
  },
  "minecraft:recipes/decorations/mud_brick_wall": {
    "criteria": {
      "has_mud_bricks": "2024-09-08 15:54:43 +0000"
    },
    "done": true
  },
  "swem:recipes/misc/english_blanket/english_blanket_yellow": {
    "criteria": {
      "has_english_blanket": "2024-09-08 15:56:03 +0000"
    },
    "done": true
  },
  "swem:recipes/misc/western_leg_wraps/western_leg_wraps_black": {
    "criteria": {
      "has_western_leg_wraps": "2024-09-08 15:56:03 +0000"
    },
    "done": true
  },
  "swem:recipes/misc/english_leg_wraps/english_leg_wraps_red": {
    "criteria": {
      "has_english_leg_wraps": "2024-09-08 15:56:03 +0000"
    },
    "done": true
  },
  "minecraft:recipes/building_blocks/mud_brick_stairs_from_mud_bricks_stonecutting": {
    "criteria": {
      "has_mud_bricks": "2024-09-08 15:54:43 +0000"
    },
    "done": true
  },
  "swem:recipes/misc/pasture_blanket/pasture_blanket_magenta": {
    "criteria": {
      "has_pasture_blanket": "2024-09-08 15:56:03 +0000"
    },
    "done": true
  },
  "swem:recipes/misc/english_leg_wraps/english_leg_wraps_light_gray_from_leg_wraps": {
    "criteria": {
      "has_english_leg_wraps": "2024-09-08 15:56:03 +0000"
    },
    "done": true
  },
  "swem:recipes/misc/english_leg_wraps/english_leg_wraps_magenta": {
    "criteria": {
      "has_english_leg_wraps": "2024-09-08 15:56:03 +0000"
    },
    "done": true
  },
  "swem:recipes/misc/english_blanket/english_blanket_orange_from_blanket": {
    "criteria": {
      "has_english_blanket": "2024-09-08 15:56:03 +0000"
    },
    "done": true
  },
  "swem:recipes/misc/english_blanket/english_blanket_lime": {
    "criteria": {
      "has_english_blanket": "2024-09-08 15:56:03 +0000"
    },
    "done": true
  },
  "swem:recipes/misc/english_blanket/english_blanket_blue": {
    "criteria": {
      "has_english_blanket": "2024-09-08 15:56:03 +0000"
    },
    "done": true
  },
  "swem:recipes/misc/english_leg_wraps/english_leg_wraps_pink_from_leg_wraps": {
    "criteria": {
      "has_english_leg_wraps": "2024-09-08 15:56:03 +0000"
    },
    "done": true
  },
  "swem:recipes/misc/pasture_blanket/pasture_blanket_brown": {
    "criteria": {
      "has_pasture_blanket": "2024-09-08 15:56:03 +0000"
    },
    "done": true
  },
  "minecraft:recipes/building_blocks/mossy_cobblestone_from_moss_block": {
    "criteria": {
      "has_moss_block": "2024-09-08 15:48:19 +0000"
    },
    "done": true
  },
  "swem:recipes/misc/western_leg_wraps/western_leg_wraps_pink_from_leg_wraps": {
    "criteria": {
      "has_western_leg_wraps": "2024-09-08 15:56:03 +0000"
    },
    "done": true
  },
  "swem:recipes/misc/pasture_blanket/pasture_blanket_armored_gray": {
    "criteria": {
      "has_pasture_blanket_armored": "2024-09-08 15:56:03 +0000"
    },
    "done": true
  },
  "swem:recipes/misc/english_leg_wraps/english_leg_wraps_green_from_leg_wraps": {
    "criteria": {
      "has_english_leg_wraps": "2024-09-08 15:56:03 +0000"
    },
    "done": true
  },
  "swem:recipes/misc/western_leg_wraps/western_leg_wraps_light_gray_from_leg_wraps": {
    "criteria": {
      "has_western_leg_wraps": "2024-09-08 15:56:03 +0000"
    },
    "done": true
  },
  "swem:recipes/misc/western_leg_wraps/western_leg_wraps_orange_from_leg_wraps": {
    "criteria": {
      "has_western_leg_wraps": "2024-09-08 15:56:03 +0000"
    },
    "done": true
  },
  "swem:recipes/misc/pasture_blanket/pasture_blanket_armored_orange": {
    "criteria": {
      "has_pasture_blanket_armored": "2024-09-08 15:56:03 +0000"
    },
    "done": true
  },
  "swem:recipes/misc/english_leg_wraps/english_leg_wraps_cyan": {
    "criteria": {
      "has_english_leg_wraps": "2024-09-08 15:56:03 +0000"
    },
    "done": true
  },
  "swem:recipes/misc/pasture_blanket/pasture_blanket_armored_magenta": {
    "criteria": {
      "has_pasture_blanket_armored": "2024-09-08 15:56:03 +0000"
    },
    "done": true
  },
  "swem:recipes/misc/english_blanket/english_blanket_green_from_blanket": {
    "criteria": {
      "has_english_blanket": "2024-09-08 15:56:03 +0000"
    },
    "done": true
  },
  "swem:recipes/misc/pasture_blanket/pasture_blanket_white_armored_from_blanket": {
    "criteria": {
      "has_pasture_blanket_armored": "2024-09-08 15:56:03 +0000"
    },
    "done": true
  },
  "swem:recipes/misc/horse_armor_cloth": {
    "criteria": {
      "has_any_carpet": "2024-09-08 15:56:03 +0000"
    },
    "done": true
  },
  "minecraft:recipes/decorations/moss_carpet": {
    "criteria": {
      "has_moss_block": "2024-09-08 15:48:19 +0000"
    },
    "done": true
  },
  "swem:recipes/misc/english_leg_wraps/english_leg_wraps_brown": {
    "criteria": {
      "has_english_leg_wraps": "2024-09-08 15:56:03 +0000"
    },
    "done": true
  },
  "swem:recipes/misc/pasture_blanket/pasture_blanket_blue": {
    "criteria": {
      "has_pasture_blanket": "2024-09-08 15:56:03 +0000"
    },
    "done": true
  },
  "swem:recipes/misc/pasture_blanket/pasture_blanket_blue_armored_from_blanket": {
    "criteria": {
      "has_pasture_blanket_armored": "2024-09-08 15:56:03 +0000"
    },
    "done": true
  },
  "swem:recipes/misc/english_blanket/english_blanket_brown_from_blanket": {
    "criteria": {
      "has_english_blanket": "2024-09-08 15:56:03 +0000"
    },
    "done": true
  },
  "swem:recipes/misc/pasture_blanket/pasture_blanket_lime": {
    "criteria": {
      "has_pasture_blanket": "2024-09-08 15:56:03 +0000"
    },
    "done": true
  },
  "swem:recipes/misc/pasture_blanket/pasture_blanket_yellow_armored_from_blanket": {
    "criteria": {
      "has_pasture_blanket_armored": "2024-09-08 15:56:03 +0000"
    },
    "done": true
  },
  "swem:recipes/misc/pasture_blanket/pasture_blanket_armored_cyan": {
    "criteria": {
      "has_pasture_blanket_armored": "2024-09-08 15:56:03 +0000"
    },
    "done": true
  },
  "DataVersion": 3465
}